<?xml version="1.0" encoding="UTF-8"?>
<project-private xmlns="http://www.netbeans.org/ns/project-private/1">
    <editor-bookmarks xmlns="http://www.netbeans.org/ns/editor-bookmarks/2" lastBookmarkId="0"/>
    <open-files xmlns="http://www.netbeans.org/ns/projectui-open-files/2">
        <group>
            <file>file:/C:/Users/AHMED/Downloads/Compressed/pso-example-java-master/pso-example-java-master/Mysk/src/myskylineapp/ListDoublePoints.java</file>
            <file>file:/C:/Users/AHMED/Downloads/Compressed/pso-example-java-master/pso-example-java-master/Mysk/src/myskylineapp/DoublePoint.java</file>
            <file>file:/C:/Users/AHMED/Downloads/Compressed/pso-example-java-master/pso-example-java-master/Mysk/src/myskylineapp/SkylineAlg1.java</file>
            <file>file:/C:/Users/AHMED/Downloads/Compressed/pso-example-java-master/pso-example-java-master/Mysk/src/myskylineapp/MySkylineApp.java</file>
        </group>
    </open-files>
</project-private>
